datetime,Total Power Output (MW),Energy Consumption (MW),Power Generated >90(MW),Power Generated <10(MW),Total Redundancy(MW)
2023-01-01,188.639442971,178.98395218000002,0.0,9.655490790999998,9.655490790999998
2023-01-02,186.892944234,180.03986806,0.0,6.853076174000001,6.853076174000001
2023-01-03,239.350879345,236.86948201,0.0,2.481397335,2.481397335
2023-01-04,457.56132317000004,457.56132317000004,0.0,0.0,0.0
2023-01-05,191.23557510900002,180.83650027000002,0.0,10.399074839,10.399074839
2023-01-06,693.03677707,670.18340583,22.853371239999987,0.0,22.853371239999987
2023-01-07,762.20956612,696.30803891,65.90152721,0.0,65.90152721
2023-01-08,767.73074089,697.18125594,70.54948495000001,0.0,70.54948495000001
2023-01-09,743.94801311,694.66125867,49.28675444000001,0.0,49.28675444000001
2023-01-10,654.11887533,653.42775966,0.6911156700000021,0.0,0.6911156700000021
2023-01-11,214.437502693,207.97030588,0.0,6.467196812999999,6.467196812999999
2023-01-12,297.415968127,293.057686304,0.0,4.3582818229999996,4.3582818229999996
2023-01-13,170.362513126,166.94839647999999,0.0,3.414116646,3.414116646
2023-01-14,444.246123704,438.38227259999996,0.0,5.863851104,5.863851104
2023-01-15,661.70289732,660.7033917,0.9995056200000079,0.0,0.9995056200000079
2023-01-16,820.74895838,711.31103734,109.43792103999999,0.0,109.43792103999999
2023-01-17,809.16587466,715.71720783,93.44866683000001,0.0,93.44866683000001
2023-01-18,768.12714033,705.44583349,62.68130684000002,0.0,62.68130684000002
2023-01-19,352.31732026,352.31732026,0.0,0.0,0.0
2023-01-20,447.786117049,443.8039103,0.6285084200000028,3.3536983289999998,3.9822067490000026
2023-01-21,258.481524566,253.64977215,0.0,4.8317524160000005,4.8317524160000005
2023-01-22,321.428278217,316.47752734,0.0,4.950750877,4.950750877
2023-01-23,497.039476847,496.777286718,0.0,0.262190129,0.262190129
2023-01-24,884.15744194,731.03268627,152.67761720000001,0.44713846999999995,153.12475567
2023-01-25,572.818166582,545.669029,27.07593660000002,0.073200982,27.14913758200002
2023-01-26,378.693980916,378.341080928,0.0,0.352899988,0.352899988
2023-01-27,860.832643858,732.9891364,127.16715089999998,0.6763565579999999,127.84350745799998
2023-01-28,289.22499474,289.22499474,0.0,0.0,0.0
2023-01-29,609.692988651,574.455487881,35.23750077,0.0,35.23750077
2023-01-30,372.511687928,372.511687928,0.0,0.0,0.0
2023-01-31,229.950413871,229.950413871,0.0,0.0,0.0
2023-02-01,465.737868962,465.39886433,0.0,0.339004632,0.339004632
2023-02-02,468.012371177,467.14566857,0.0,0.866702607,0.866702607
2023-02-03,676.002194375,617.7300454800001,55.59386828999999,2.678280605,58.27214889499999
2023-02-04,368.211779245,367.827012552,0.0,0.38476669300000005,0.38476669300000005
2023-02-05,301.612149032,301.4150894,0.0,0.197059632,0.197059632
2023-02-06,666.424888801,594.312430901,72.11245790000001,0.0,72.11245790000001
2023-02-07,715.375003114,692.47657557,19.385230370000002,3.513197174,22.898427544
2023-02-08,913.753581538,749.461229888,164.29235165,0.0,164.29235165
2023-02-09,267.245813421,266.47642339,0.0,0.7693900309999999,0.7693900309999999
2023-02-10,960.072529918,769.35562211,190.4653365,0.251571308,190.716907808
2023-02-11,879.953110969,730.98618431,142.91511787999997,6.051808779,148.96692665899997
2023-02-12,1044.847486628,782.77038749,261.1470792,0.9300199379999999,262.077099138
2023-02-13,491.705238951,490.01762445,0.0,1.6876145009999999,1.6876145009999999
2023-02-14,205.64462034800002,204.744739441,0.0,0.899880907,0.899880907
2023-02-15,374.375366185,372.17497877,0.0,2.2003874150000002,2.2003874150000002
2023-02-16,314.754786515,312.27197499,0.0,2.4828115250000002,2.4828115250000002
2023-02-17,868.3833873010001,704.93701067,163.26797502000002,0.17840161100000002,163.44637663100002
2023-02-18,1014.2587229019999,764.48084094,246.5950494,3.1828325619999998,249.77788196199998
2023-02-19,501.50925240799995,498.71342549999997,0.0,2.795826908,2.795826908
2023-02-20,344.62327970900003,342.57859389000004,0.0,2.0446858189999997,2.0446858189999997
2023-02-21,777.25666325,613.2264782,156.83416920000002,7.196015849999999,164.03018505
2023-02-22,744.539683785,641.62844164,102.25691570000002,0.6543264449999999,102.91124214500002
2023-02-23,1195.11057471,838.40334911,356.7072256,0.0,356.7072256
2023-02-24,603.435337422,554.90686529,43.22756008,5.300912051999999,48.528472132000005
2023-02-25,332.98287158799997,328.94709024499997,0.0,4.035781343,4.035781343
2023-02-26,826.287146286,656.56981975,169.3427909,0.374535636,169.71732653600003
2023-02-27,779.8490504600001,676.6386283,103.21042216,0.0,103.21042216
2023-02-28,738.473716113,665.40489893,71.38741208,1.681405103,73.06881718300001
2023-03-01,1209.98723473,849.88272547,360.10450926,0.0,360.10450926
2023-03-02,1028.00948943,786.37313463,241.6363548,0.0,241.6363548
2023-03-03,916.2223562959999,695.33163795,217.97050555999994,2.920212786,220.89071834599994
2023-03-04,1330.14151412,875.66357892,454.47793519999993,0.0,454.47793519999993
2023-03-05,549.839801432,546.39820041,0.0,3.441601022,3.441601022
2023-03-06,259.387614666,253.7630532,0.0,5.624561466,5.624561466
2023-03-07,413.338491112,405.14235378,0.0,8.196137332,8.196137332
2023-03-08,463.715853898,459.034560393,0.0,4.681293505,4.681293505
2023-03-09,586.15212167,586.15212167,0.0,0.0,0.0
2023-03-10,516.782225288,513.93468262,0.0,2.847542668,2.847542668
2023-03-11,496.160022119,485.63189384000003,0.0,10.528128279,10.528128279
2023-03-12,329.34742213100003,329.34742213100003,0.0,0.0,0.0
2023-03-13,1437.44585005,905.23060655,532.2152435,0.0,532.2152435
2023-03-14,809.41802127,807.30937901,2.1086422600000105,0.0,2.1086422600000105
2023-03-15,881.7932262,762.1496146,119.64361160000003,0.0,119.64361160000003
2023-03-16,1068.90702603,859.51399668,209.39302935,0.0,209.39302935
2023-03-17,658.06385438,658.06385438,0.0,0.0,0.0
2023-03-18,1180.69323871,846.88970564,333.80353307,0.0,333.80353307
2023-03-19,391.53645679,391.53645679,0.0,0.0,0.0
2023-03-20,1025.08411808,866.16981476,158.91430332,0.0,158.91430332
2023-03-21,1370.147702005,882.21253273,487.6072194,0.327949875,487.935169275
2023-03-22,777.27229921,723.720183152,53.47824953,0.073866528,53.552116057999996
2023-03-23,510.394260403,505.59766333299996,4.79659706999999,0.0,4.79659706999999
2023-03-24,651.996871116,637.437638526,14.559232589999993,0.0,14.559232589999993
2023-03-25,875.772734307,696.52299012,178.8370315,0.41271268699999997,179.249744187
2023-03-26,1398.693792466,904.54848828,493.50793497000006,0.637369216,494.14530418600003
2023-03-27,1480.959571354,931.61693107,548.1657634,1.176876884,549.342640284
2023-03-28,804.800788393,726.7219895,77.83846702999999,0.240331863,78.078798893
2023-03-29,1564.702877828,942.83407964,620.1970544999999,1.6717436879999998,621.868798188
2023-03-30,1573.175340324,943.59444131,627.3887211,2.192177914,629.580899014
2023-03-31,1499.152666022,940.57884474,555.9594069,2.614414382,558.5738212819999
2023-04-01,910.3594386589999,741.175663227,168.06719577999996,1.116579652,169.18377543199998
2023-04-02,1350.721462878,920.9988742,427.38589440000004,2.336694278,429.722588678
2023-04-03,1381.955049959,945.48119385,433.6726188,2.801237309,436.473856109
2023-04-04,1527.5543849,950.29862363,570.3204112,6.93535007,577.25576127
2023-04-05,1554.595317197,951.84329586,595.0623818,7.689639537000001,602.752021337
2023-04-06,719.15357029,675.4871531800001,38.841189009999994,4.8252281,43.66641711
2023-04-07,726.514319856,689.088571844,34.787572409999996,2.6381756020000005,37.425748012
2023-04-08,401.005451468,400.030222874,0.0,0.975228594,0.975228594
2023-04-09,511.057987551,507.06650297,0.0,3.991484581,3.991484581
2023-04-10,1613.575523964,977.72140949,632.1092379,3.744876574,635.8541144740001
2023-04-11,747.55972557,659.1182931,83.2885801,5.15285237,88.44143247000001
2023-04-12,1118.996018989,788.622035287,329.82687176,0.547111942,330.37398370200003
2023-04-13,1136.6696362,940.35558212,195.14768346,1.1663706200000001,196.31405407999998
2023-04-14,589.1935971089999,586.13247261,0.0,3.061124499,3.061124499
2023-04-15,1484.8261803569999,990.38446147,489.70750406999997,4.734214817,494.441718887
2023-04-16,347.627663887,346.015207688,0.0,1.6124561990000001,1.6124561990000001
2023-04-17,1292.1807885859998,882.70740275,407.9580979,1.515287936,409.473385836
2023-04-18,1589.371501502,993.26231174,590.21281193,5.896377832000001,596.109189762
2023-04-19,1636.083554886,1014.456077076,621.6274778100001,0.0,621.6274778100001
2023-04-20,1096.698971007,908.8534551500001,185.72677763000002,2.118738227,187.845515857
2023-04-21,1638.43900211,1015.38075938,623.0582427300001,0.0,623.0582427300001
2023-04-22,1628.56715065,1016.83565525,611.7314954,0.0,611.7314954
2023-04-23,802.750551873,761.6529758199999,38.84997845000001,2.247597603,41.09757605300001
2023-04-24,827.212239114,782.79672331,36.496750129999995,7.918765673999999,44.415515803999995
2023-04-25,465.785567085,458.75331752,0.0,7.032249565000001,7.032249565000001
2023-04-26,1618.11799843,1011.01198533,607.1060131,0.0,607.1060131
2023-04-27,990.460767384,710.06311415,279.32447089999994,1.073182334,280.39765323399996
2023-04-28,1656.4131497659998,998.96200063,652.0915354,5.359613735999999,657.4511491359999
2023-04-29,1290.548660641,928.826916341,361.7217443,0.0,361.7217443
2023-04-30,1480.5502752,1017.05899438,463.49128082,0.0,463.49128082
2023-05-01,915.290625785,752.2866281299999,159.57749006,3.4265075950000004,163.003997655
2023-05-02,1765.51873332,1040.95330616,724.56542716,0.0,724.56542716
2023-05-03,1641.02973368,1004.51917138,636.5105623,0.0,636.5105623
2023-05-04,1178.62218202,948.62170784,230.00047418000003,0.0,230.00047418000003
2023-05-05,820.994679113,758.429059443,58.89189667000001,3.673723,62.56561967000001
2023-05-06,1230.082107685,840.574810985,389.5072967,0.0,389.5072967
2023-05-07,1703.70165749,1031.28752541,672.41413208,0.0,672.41413208
2023-05-08,1291.07072713,981.2074691299999,309.863258,0.0,309.863258
2023-05-09,1185.747513222,884.61430586,297.4268162,3.706391162,301.133207362
2023-05-10,1698.9181857400001,1042.46325105,656.4549346900001,0.0,656.4549346900001
2023-05-11,1669.807505514,1041.70685875,628.0657771,0.034869663999999995,628.100646764
2023-05-12,748.621306479,727.541299579,21.0800069,0.0,21.0800069
2023-05-13,459.77298365700005,451.85157448,0.0,7.921409176999999,7.921409176999999
2023-05-14,462.559231028,458.436710478,0.0,4.12252055,4.12252055
2023-05-15,711.147968072,684.981557251,21.866602570000012,4.299808251,26.166410821000014
2023-05-16,1514.94800725,984.49412698,530.4538802699999,0.0,530.4538802699999
2023-05-17,1370.633166459,965.604747635,404.82570239999995,0.202716424,405.02841882399997
2023-05-18,1768.214793549,1057.85053673,710.0785947,0.285662119,710.364256819
2023-05-19,1750.842100394,1058.42221349,692.1292081,0.290678804,692.419886904
2023-05-20,1561.717316386,1057.66670777,503.76014289,0.29046572600000004,504.05060861600003
2023-05-21,1754.698755959,1060.26158226,694.07043246,0.366741239,694.437173699
2023-05-22,1777.246490473,1062.06937718,714.8089735,0.368139793,715.1771132929999
2023-05-23,1533.379055578,1057.09401155,475.9054769,0.37956712800000003,476.28504402799996
2023-05-24,820.631040191,799.83278523,20.411165020000013,0.387089941,20.798254961000012
2023-05-25,430.471543053,427.37528143500003,0.0,3.0962616179999998,3.0962616179999998
2023-05-26,1508.91504394,1012.40703824,496.5080057,0.0,496.5080057
2023-05-27,1668.380722883,1057.39268348,610.4936323,0.494407103,610.988039403
2023-05-28,1562.103110027,977.65732971,583.7885064,0.657273917,584.445780317
2023-05-29,1242.017513195,1010.34431919,231.38913316000003,0.28406084499999995,231.67319400500003
2023-05-30,1764.513526035,1063.17238563,700.8251865,0.515953905,701.341140405
2023-05-31,1723.676948427,1065.65036386,657.37056461,0.656019957,658.026584567
2023-06-01,1633.248803445,1051.40948833,581.3409445,0.498370615,581.839315115
2023-06-02,1658.222614202,1041.78112154,615.7025567000001,0.7389359620000001,616.441492662
2023-06-03,1501.4644265069999,992.90876284,508.29387801999997,0.261785647,508.555663667
2023-06-04,1678.078149807,1063.15726172,614.2497203,0.671167787,614.9208880870001
2023-06-05,1246.165253466,1036.36443599,209.1305383,0.670279176,209.800817476
2023-06-06,1594.322677007,1023.84136797,569.7694822999999,0.711826737,570.481309037
2023-06-07,577.8553226380001,577.8553226380001,0.0,0.0,0.0
2023-06-08,1161.650156296,881.07318692,279.9800457,0.596923676,280.576969376
2023-06-09,1679.835473002,1065.46824016,613.4568147800001,0.9104180620000001,614.367232842
2023-06-10,1715.29704587,1064.34093142,650.04351491,0.91259954,650.9561144500001
2023-06-11,1723.1259788329999,1065.54170419,656.66961563,0.9146590130000001,657.584274643
2023-06-12,1722.5084715379999,1065.76602572,655.8413931099999,0.901052708,656.742445818
2023-06-13,1734.262338236,1065.43292261,667.90990167,0.919513956,668.829415626
2023-06-14,1744.69048578,1066.48432815,677.223988,0.98216963,678.20615763
2023-06-15,1708.370125694,1062.44034764,645.0270456000001,0.902732454,645.929778054
2023-06-16,1669.500252977,1057.69066156,610.9050263,0.904565117,611.809591417
2023-06-17,1745.627144047,1066.43114135,678.3292758,0.8667268970000002,679.1960026969999
2023-06-18,1689.988224117,1063.87309843,625.29922075,0.815904937,626.115125687
2023-06-19,1681.352857003,1065.27871116,615.2506117,0.8235341429999999,616.074145843
2023-06-20,1686.261684893,1056.95981629,628.5733292,0.7285394030000001,629.301868603
2023-06-21,1508.31305422,1054.68546332,452.90189219,0.72569871,453.62759090000003
2023-06-22,1690.179015546,1060.77866971,628.692422,0.7079238360000001,629.400345836
2023-06-23,1419.7000141869999,1051.53591742,367.66729589999994,0.496800867,368.16409676699993
2023-06-24,1674.118574057,1065.14832593,608.2600431399999,0.710204987,608.9702481269999
2023-06-25,1695.2690052799999,1065.09275479,629.5935955,0.58265499,630.1762504899999
2023-06-26,1749.871994568,1064.70189224,684.4826829,0.687419428,685.170102328
2023-06-27,1760.360266415,1060.2770404,699.4356872,0.647538815,700.0832260149999
2023-06-28,1746.234269075,1059.36514862,686.2919806,0.577139855,686.869120455
2023-06-29,1710.501943603,1059.50257425,650.4404861300001,0.558883223,650.999369353
2023-06-30,1732.918575776,1056.58960877,675.89318152,0.435785486,676.328967006
2023-07-01,1637.108951341,1055.61052019,581.14973202,0.348699131,581.498431151
2023-07-02,1657.316147234,1058.4539565,598.33441454,0.527776194,598.862190734
2023-07-03,1608.603407696,1036.11429126,572.1303607000001,0.358755736,572.489116436
2023-07-04,1564.4451861109999,1062.96432314,501.0452397,0.435623271,501.480862971
2023-07-05,1564.5192164,1057.88208783,506.2067842000001,0.43034437,506.6371285700001
2023-07-06,1704.641127698,1057.23034684,646.98821458,0.42256627799999996,647.410780858
2023-07-07,1694.8936922990001,1057.31445552,637.2493836,0.329853179,637.579236779
2023-07-08,1669.868398447,1043.56333873,626.16068519,0.14437452699999997,626.305059717
2023-07-09,1706.3202328520001,1056.74961288,649.23647817,0.334141802,649.570619972
2023-07-10,1709.533659301,1059.32543595,649.9600779699999,0.248145381,650.2082233509999
2023-07-11,1437.220652106,1053.79458261,383.35266634,0.073403156,383.42606949599997
2023-07-12,1727.803209265,1053.88333832,673.7594033,0.160467645,673.9198709450001
2023-07-13,1727.169258158,1056.70669911,670.4062617000001,0.056297348000000004,670.4625590480001
2023-07-14,1697.636969921,1053.47928762,644.09953122,0.058151081,644.157682301
2023-07-15,1657.643244268,1052.48313154,605.11254777,0.047564958,605.160112728
2023-07-16,1660.8261000100001,1050.89963315,609.92646686,0.0,609.92646686
2023-07-17,1663.10249366,1048.5470798,614.55541386,0.0,614.55541386
2023-07-18,1661.09012535,1048.01024777,613.07987758,0.0,613.07987758
2023-07-19,1498.5967289,1040.7521029,457.844626,0.0,457.844626
2023-07-20,1664.91335785,1046.81317328,618.10018457,0.0,618.10018457
2023-07-21,1582.0772629100002,1047.27447862,534.8027842900001,0.0,534.8027842900001
2023-07-22,1641.29182655,1043.28914865,598.0026779,0.0,598.0026779
2023-07-23,1664.9965373,1044.3372838,620.6592535,0.0,620.6592535
2023-07-24,1611.26047254,1043.64743371,567.6130388299999,0.0,567.6130388299999
2023-07-25,1648.75198181,1041.85670319,606.89527862,0.0,606.89527862
2023-07-26,1678.31016146,1042.17354658,636.13661488,0.0,636.13661488
2023-07-27,1663.42978591,1041.09552516,622.33426075,0.0,622.33426075
2023-07-28,1454.537453608,940.790046308,513.7474073,0.0,513.7474073
2023-07-29,1572.9434262,1015.3187967,557.6246295000001,0.0,557.6246295000001
2023-07-30,1579.58971616,1036.0507527,543.53896346,0.0,543.53896346
2023-07-31,1549.55101181,1019.18543261,530.3655792,0.0,530.3655792
2023-08-01,1511.84122447,1021.62337517,490.21784929999995,0.0,490.21784929999995
2023-08-02,1575.01654656,1027.42216251,547.59438405,0.0,547.59438405
2023-08-03,1613.77415929,1022.15176889,591.6223904,0.0,591.6223904
2023-08-04,1606.63472647,1019.50827117,587.1264553,0.0,587.1264553
2023-08-05,1593.11730492,1017.25233252,575.8649723999999,0.0,575.8649723999999
2023-08-06,1584.78821419,1013.71770899,571.0705052,0.0,571.0705052
2023-08-07,1561.10798288,1016.14197698,544.9660059,0.0,544.9660059
2023-08-08,1560.61898892,1005.23524972,555.3837392,0.0,555.3837392
2023-08-09,1078.60521891,789.250528841,280.3459821,9.008707969,289.354690069
2023-08-10,1482.046532958,968.538952658,513.5075803000001,0.0,513.5075803000001
2023-08-11,1539.4046480700001,994.11481807,545.28983,0.0,545.28983
2023-08-12,1510.33692037,988.57443467,521.7624857,0.0,521.7624857
2023-08-13,1490.63885792,987.01114492,503.6277130000001,0.0,503.6277130000001
2023-08-14,1540.69592878,988.55589658,552.1400322000001,0.0,552.1400322000001
2023-08-15,1529.7734509299999,983.4916491299999,546.2818018,0.0,546.2818018
2023-08-16,1483.47666669,979.50797979,503.96868689999997,0.0,503.96868689999997
2023-08-17,1483.670179111,971.449243311,512.2209358,0.0,512.2209358
2023-08-18,1447.495190121,951.125075047,490.8612135,5.508901574,496.370115074
2023-08-19,1371.559837974,932.621080484,436.40331690000005,2.53544059,438.93875749000006
2023-08-20,1399.080240156,958.784456256,440.29578389999995,0.0,440.29578389999995
2023-08-21,1432.2136712630002,964.529669363,467.68400190000006,0.0,467.68400190000006
2023-08-22,1379.737885541,954.276270264,420.5363934,4.925221877,425.461615277
2023-08-23,998.6236445100001,866.8720697900001,123.67785194000004,8.07372278,131.75157472000004
2023-08-24,1393.192089313,950.363574583,438.7623995,4.06611523,442.82851473
2023-08-25,1374.623810694,934.32243622,430.952856,9.348518474,440.301374474
2023-08-26,1275.012465425,901.531955092,371.0561,2.424410333,373.48051033300004
2023-08-27,1281.064285726,917.09139352,357.0789312,6.893961006,363.97289220600004
2023-08-28,1408.172092031,931.545527,469.46315649999997,7.163408531,476.6265650309999
2023-08-29,1395.5678043550001,928.26628414,460.85995080000004,6.441569415,467.30152021500004
2023-08-30,1387.649398063,919.643337,462.6363225,5.369738563,468.006061063
2023-08-31,954.1470200699999,785.66443118,163.67490049999998,4.807688390000001,168.48258889
2023-09-01,1309.77415837,912.61130972,392.4177393,4.74510935,397.16284865
2023-09-02,981.1765422240001,809.14791549,167.9753358,4.053290934,172.028626734
2023-09-03,1308.1149561920001,911.67443404,392.5935867300001,3.846935422,396.4405221520001
2023-09-04,1349.493114124,913.07642772,432.71355260000007,3.703133804,436.4166864040001
2023-09-05,880.265957284,794.21240094,83.51832069000001,2.535235654,86.05355634400001
2023-09-06,966.404742641,742.639501613,222.59015599999998,1.1750850279999998,223.76524102799996
2023-09-07,974.085389136,811.50709978,160.72921837,1.8490709859999999,162.578289356
2023-09-08,1328.194805928,904.61088621,421.5076872,2.076232518,423.583919718
2023-09-09,1351.006840002,900.71164577,448.5452891,1.7499051319999999,450.295194232
2023-09-10,1316.521068933,904.38037889,410.4553726,1.685317443,412.140690043
2023-09-11,1261.340013572,896.0869368,363.7765411,1.476535672,365.253076772
2023-09-12,1259.955839431,896.11172056,362.4767138,1.367405071,363.84411887100003
2023-09-13,1303.385947192,895.36367461,406.7308003,1.291472282,408.022272582
2023-09-14,1275.90363204,893.65417025,381.14294184,1.10651995,382.24946179
2023-09-15,1274.530366767,890.67094552,382.7320873,1.127333947,383.859421247
2023-09-16,1230.196997241,887.82076534,341.46375875999996,0.912473141,342.3762319009999
2023-09-17,1261.969627403,885.6999713499999,375.34322318000005,0.926432873,376.26965605300006
2023-09-18,1289.084716312,887.34646668,401.01474371999996,0.723505912,401.73824963199996
2023-09-19,1168.690394186,824.78835886,343.17362851999997,0.728406806,343.902035326
2023-09-20,1271.2799663619999,883.12360629,387.63786265999994,0.518497412,388.1563600719999
2023-09-21,1166.497634888,877.9211743,288.10528869,0.471171898,288.576460588
2023-09-22,1201.741100897,875.34958318,326.00246926,0.389048457,326.39151771700006
2023-09-23,1276.705073903,878.78438872,397.53095623999997,0.38972894300000005,397.920685183
2023-09-24,1257.496377162,876.12593488,381.06036630000006,0.310075982,381.37044228200006
2023-09-25,1209.501245589,869.74556093,339.4600321,0.295652559,339.755684659
2023-09-26,1218.306412427,870.84832187,347.26240999999993,0.195680557,347.458090557
2023-09-27,1218.001438477,867.15549692,350.6570539,0.18888765700000001,350.845941557
2023-09-28,1185.124962164,853.66827291,331.35230989999997,0.10437935400000001,331.45668925399997
2023-09-29,853.36454767,723.02325077,127.94254022999999,2.3987566699999996,130.3412969
2023-09-30,1153.959223952,846.519176506,307.3392805,0.100766946,307.440047446
2023-10-01,1130.503683195,824.83633348,299.72260074999997,5.944748965,305.667349715
2023-10-02,902.672584293,728.8040301999999,171.0206663,2.847887793,173.868554093
2023-10-03,352.444442626,351.926745085,0.0,0.517697541,0.517697541
2023-10-04,934.176499861,766.74520598,165.48847884,1.942815041,167.431293881
2023-10-05,443.973355393,442.28860946000003,0.0,1.6847459329999999,1.6847459329999999
2023-10-06,697.226419489,624.99869439,70.99347105999998,1.234254039,72.22772509899998
2023-10-07,531.138431656,521.29577906,7.456779370000007,2.3858732259999997,9.842652596000006
2023-10-08,1048.363407284,801.5595005,244.8971392,1.906767584,246.803906784
2023-10-09,949.906570697,748.15701712,201.15049611,0.599057467,201.749553577
2023-10-10,1050.062605199,798.10375857,250.42350790999998,1.535338719,251.958846629
2023-10-11,810.78933224,738.4298711600001,71.80790153999999,0.5515595400000001,72.35946107999999
2023-10-12,304.973101375,299.15954962,0.0,5.813551755,5.813551755
2023-10-13,721.6511624899999,659.46187036,61.64778141999999,0.54151071,62.189292129999984
2023-10-14,1000.9744372819999,785.74668387,214.51718669999997,0.7105667120000001,215.22775341199997
2023-10-15,892.4334200129999,716.89734332,170.17701739999998,5.3590592930000005,175.53607669299998
2023-10-16,665.695020793,631.8129274600001,29.165239900000017,4.716853433,33.882093333000014
2023-10-17,982.036973151,778.11405998,203.72308814,0.199825031,203.92291317099998
2023-10-18,928.67226016,771.02583224,157.43031168,0.21611624,157.64642792
2023-10-19,957.655458496,774.19443524,183.33924580000004,0.121777456,183.46102325600003
2023-10-20,689.053492774,607.661609144,81.39188362999998,0.0,81.39188362999998
2023-10-21,961.686906414,761.98194256,199.6665974,0.038366454,199.704963854
2023-10-22,951.60031032,759.06062387,192.53968645,0.0,192.53968645
2023-10-23,579.255475494,543.394473291,32.46230295000001,3.398699253,35.86100220300001
2023-10-24,775.2475279390001,672.691576539,102.55595140000001,0.0,102.55595140000001
2023-10-25,564.25750084,563.66494544,0.5925554000000091,0.0,0.5925554000000091
2023-10-26,795.0186754709999,691.1562936409999,103.86238182999998,0.0,103.86238182999998
2023-10-27,376.430164666,372.342042912,0.0,4.088121754,4.088121754
2023-10-28,782.207489662,677.649519962,104.55796969999999,0.0,104.55796969999999
2023-10-29,764.3227960849999,685.06246533,74.28310029999999,4.977230455,79.26033075499998
2023-10-30,530.874633857,526.28970427,1.4148502200000053,3.170079367,4.584929587000005
2023-10-31,847.326872582,720.378747272,126.94812531,0.0,126.94812531
2023-11-01,418.606314655,416.182705956,0.0,2.423608699,2.423608699
2023-11-02,238.986687844,232.2015181,0.0,6.785169744,6.785169744
2023-11-03,176.595328174,172.792513189,0.0,3.802814985,3.802814985
2023-11-04,337.689778612,330.73357776,0.0,6.956200852,6.956200852
2023-11-05,670.70548369,643.25278421,23.762796490000014,3.68990299,27.452699480000014
2023-11-06,781.873007089,715.937661199,65.93534589000002,0.0,65.93534589000002
2023-11-07,726.9774434120001,656.371782519,66.27057891000001,4.335081983,70.605660893
2023-11-08,705.867790887,656.26696749,47.169707020000004,2.431116377,49.600823397000006
2023-11-09,733.020439223,686.022491903,46.997947319999994,0.0,46.997947319999994
2023-11-10,827.8917117049999,729.210638505,98.68107319999997,0.0,98.68107319999997
2023-11-11,814.263309965,721.416538665,92.84677129999999,0.0,92.84677129999999
2023-11-12,258.087101958,255.57971795,0.0,2.507384008,2.507384008
2023-11-13,161.872708755,159.91888760999998,0.0,1.953821145,1.953821145
2023-11-14,423.310118266,419.48796075,0.0,3.822157516,3.822157516
2023-11-15,223.954851044,221.601713922,0.0,2.353137122,2.353137122
2023-11-16,169.486378911,165.296533357,0.0,4.189845554,4.189845554
2023-11-17,319.981597852,316.4147726,0.0,3.566825252,3.566825252
2023-11-18,232.46175558399997,231.05928525,0.0,1.402470334,1.402470334
2023-11-19,622.843749816,621.80676312,0.0,1.036986696,1.036986696
2023-11-20,322.57453472,319.43904483,0.0,3.13548989,3.13548989
2023-11-21,318.368821042,318.368821042,0.0,0.0,0.0
2023-11-22,476.37369816,472.54488868,0.0,3.8288094800000003,3.8288094800000003
2023-11-23,604.748709027,598.87651735,2.731320179999983,3.140871497,5.872191676999983
2023-11-24,579.0650603,579.0650603,0.0,0.0,0.0
2023-11-25,584.127854554,578.250924191,5.340397920000001,0.536532443,5.876930363000001
2023-11-26,284.506609173,281.192479275,0.0,3.314129898,3.314129898
2023-11-27,267.732071879,265.77330286,0.0,1.958769019,1.958769019
2023-11-28,344.488130854,340.84176334,0.0,3.646367514,3.646367514
2023-11-29,755.573708973,678.13600286,77.17544236,0.26226375300000004,77.437706113
2023-11-30,564.9403058639999,547.44030225,14.038371579999989,3.461632034,17.50000361399999
2023-12-01,664.2519013489999,649.11699386,14.774098799999976,0.360808689,15.134907488999975
2023-12-02,220.867546428,216.230942737,0.0,4.6366036909999995,4.6366036909999995
2023-12-03,650.514843469,647.2751108900001,3.095526790000008,0.144205789,3.239732579000008
2023-12-04,392.72773447,388.88548586,0.0,3.84224861,3.84224861
2023-12-05,307.269435758,303.43122644,0.0,3.838209318,3.838209318
2023-12-06,133.987865229,128.891546499,0.0,5.09631873,5.09631873
2023-12-07,219.28240374700002,217.36673998100002,0.0,1.915663766,1.915663766
2023-12-08,217.722044402,215.829599277,0.0,1.892445125,1.892445125
2023-12-09,339.453013517,337.57017045,0.0,1.882843067,1.882843067
2023-12-10,403.152166197,399.70721354799997,0.0,3.444952649,3.444952649
2023-12-11,267.535885687,265.44346751800003,0.0,2.092418169,2.092418169
2023-12-12,322.96562035299996,320.84012901,0.0,2.1254913429999998,2.1254913429999998
2023-12-13,168.403067413,162.84696072,0.0,5.556106693,5.556106693
2023-12-14,139.017147428,133.35662471,0.0,5.660522717999999,5.660522717999999
2023-12-15,176.619131054,171.25754023000002,0.0,5.361590824,5.361590824
2023-12-16,406.552883983,404.30141480000003,0.0,2.251469183,2.251469183
2023-12-17,274.79354653,271.6123331,0.0,3.18121343,3.18121343
2023-12-18,652.0772449799999,642.91562546,9.161619520000002,0.0,9.161619520000002
2023-12-19,711.66356062,675.14347428,36.520086340000006,0.0,36.520086340000006
2023-12-20,142.616798551,135.3101897,0.0,7.306608851,7.306608851
2023-12-21,446.388966037,443.68987907,0.0,2.6990869670000004,2.6990869670000004
2023-12-22,227.335064373,218.77057643999999,0.0,8.564487933,8.564487933
2023-12-23,700.92098124,660.54921141,40.37176982999999,0.0,40.37176982999999
2023-12-24,387.027868511,381.76790762999997,0.0,5.2599608810000005,5.2599608810000005
2023-12-25,502.681345131,490.35574978,6.598106680000001,5.727488671,12.325595351
2023-12-26,320.54324216099997,317.10984120899997,0.0,3.433400952,3.433400952
2023-12-27,735.46931105,687.52581469,47.94349636,0.0,47.94349636
2023-12-28,734.40008048,689.06731877,45.33276171,0.0,45.33276171
2023-12-29,513.88717442,509.35052296,4.536651460000002,0.0,4.536651460000002
2023-12-30,710.1230272,684.07629119,26.046736010000004,0.0,26.046736010000004
2023-12-31,723.26412062,687.0656342,36.198486419999995,0.0,36.198486419999995
